{
  "nebaToken": {
    "version": "v1.0.0",
    "lastUpdated": "2025-10-06",
    "networks": {
      "mainnet": {
        "proxy": "TBD",
        "implementation": "TBD",
        "treasury": "TBD",
        "admin": "TBD",
        "governance": "TBD",
        "emergencyGuardian": "TBD",
        "botPauser": "TBD"
      },
      "sepolia": {
        "proxy": "0x75770723EBBed7D482b6F02b6244B411A86C9fC6",
        "implementation": "0xd3F29FdC9885CcE015B4B1d2a42004a6928BC128",
        "treasury": "0xD3b146826834722771E4f6aC45efE0f438EF45c0",
        "admin": "0xE5D483C25EA00ebaB949AC760334bb92774A4C23",
        "governance": "TBD",
        "emergencyGuardian": "TBD",
        "botPauser": "TBD"
      },
      "hardhat": {
        "proxy": "Local deployment",
        "implementation": "Local deployment",
        "treasury": "Local test address",
        "admin": "Local test address",
        "governance": "TBD",
        "emergencyGuardian": "TBD",
        "botPauser": "TBD"
      }
    },
    "roles": {
      "DEFAULT_ADMIN_ROLE": "Full administrative control",
      "UPGRADER_ROLE": "Contract upgrade permissions",
      "ADMIN_PAUSER_ROLE": "Can pause and unpause",
      "BOT_PAUSER_ROLE": "Can only pause (automated bots)",
      "GOVERNANCE_UNPAUSER_ROLE": "Can only unpause (governance)",
      "EMERGENCY_GUARDIAN_ROLE": "Emergency pause capability",
      "BLOCKLIST_MANAGER_ROLE": "Manage blocked addresses",
      "WHITELIST_MANAGER_ROLE": "Manage whitelisted addresses",
      "CIRCUIT_BREAKER_ROLE": "Circuit breaker management",
      "PARAM_MANAGER_ROLE": "Parameter updates",
      "FINANCE_ROLE": "Financial operations"
    },
    "contracts": {
      "NEBA": {
        "description": "Main token contract",
        "type": "UUPS Upgradeable Proxy"
      },
      "CircuitBreaker": {
        "description": "Circuit breaker implementation",
        "type": "Upgradeable Contract"
      },
      "TransferHook": {
        "description": "Transfer hook implementation",
        "type": "Upgradeable Contract"
      }
    },
    "deployment": {
      "compiler": "0.8.22",
      "optimizer": {
        "enabled": true,
        "runs": 200
      },
      "viaIR": true,
      "constructorArgs": [],
      "initializerArgs": [
        "treasury",
        "admin",
        "commitTimeout",
        "circuitBreakerResetInterval"
      ]
    },
    "verification": {
      "etherscan": {
        "proxy": "https://sepolia.etherscan.io/address/0x75770723EBBed7D482b6F02b6244B411A86C9fC6",
        "implementation": "https://sepolia.etherscan.io/address/0xd3F29FdC9885CcE015B4B1d2a42004a6928BC128"
      },
      "sourcify": {
        "proxy": "https://repo.sourcify.dev/contracts/full_match/11155111/0x75770723EBBed7D482b6F02b6244B411A86C9fC6/"
      }
    },
    "notes": {
      "mainnet": "Addresses will be updated after mainnet deployment",
      "sepolia": "Testnet deployment completed and verified - Proxy: 0x75770723EBBed7D482b6F02b6244B411A86C9fC6",
      "roles": "Role assignments will be configured post-deployment",
      "security": "All addresses should be verified before production use"
    }
  }
}
